model,strategy,initial_capital,max_bet_pct,liquidity_scaler,n_signals,n_executed,final_capital,roi,max_drawdown,skipped_capital,skipped_concentration
naive_consensus,general_ev,1000,0.01,1.0,15752,1790,701.3330047260465,-0.29866699527395346,298.6669952739535,0,12178
naive_consensus,general_ev,1000,0.01,0.1,15752,1118,649.45102607877,-0.35054897392122997,350.54897392122996,0,7413
naive_consensus,general_ev,1000,0.05,1.0,15752,1745,2076.494692730133,1.076494692730133,19.590526315789816,0,12271
naive_consensus,general_ev,1000,0.05,0.1,15752,1071,842.835804728901,-0.15716419527109896,161.53619632154937,0,8334
naive_consensus,general_ev,1000,0.1,1.0,15752,1743,2366.3852083563443,1.3663852083563444,19.590526315789816,0,12287
naive_consensus,general_ev,1000,0.1,0.1,15752,1053,922.7494120970491,-0.07725058790295089,100.229631928706,0,9719
naive_consensus,general_ev,10000,0.01,1.0,15752,2260,11424.23983996381,0.14242398399638095,19.590526315789248,0,10980
naive_consensus,general_ev,10000,0.01,0.1,15752,1910,9785.256735388819,-0.021474326461118107,226.98717721757384,0,5703
naive_consensus,general_ev,10000,0.05,1.0,15752,2257,11425.44165175524,0.14254416517552398,19.590526315789248,0,10993
naive_consensus,general_ev,10000,0.05,0.1,15752,1910,9786.870982855566,-0.021312901714443434,226.1659370864636,0,5703
naive_consensus,general_ev,10000,0.1,1.0,15752,2257,11425.44165175524,0.14254416517552398,19.590526315789248,0,10993
naive_consensus,general_ev,10000,0.1,0.1,15752,1910,9786.870982855566,-0.021312901714443434,226.1659370864636,0,5703
naive_consensus,general_ev,100000,0.01,1.0,15752,5393,102627.03935867547,0.026270393586754655,19.590526315791067,0,3440
naive_consensus,general_ev,100000,0.01,0.1,15752,2979,99757.90536315646,-0.002420946368435398,252.76379473818815,0,0
naive_consensus,general_ev,100000,0.05,1.0,15752,5393,102627.03935867547,0.026270393586754655,19.590526315791067,0,3440
naive_consensus,general_ev,100000,0.05,0.1,15752,2979,99757.90536315646,-0.002420946368435398,252.76379473818815,0,0
naive_consensus,general_ev,100000,0.1,1.0,15752,5393,102627.03935867547,0.026270393586754655,19.590526315791067,0,3440
naive_consensus,general_ev,100000,0.1,0.1,15752,2979,99757.90536315646,-0.002420946368435398,252.76379473818815,0,0
naive_consensus,general_ev,1000000,0.01,1.0,15752,7181,1003679.207157886,0.003679207157886005,19.59052631596569,0,0
naive_consensus,general_ev,1000000,0.01,0.1,15752,2979,999757.9053631618,-0.00024209463683818466,252.76379473356064,0,0
naive_consensus,general_ev,1000000,0.05,1.0,15752,7181,1003679.207157886,0.003679207157886005,19.59052631596569,0,0
naive_consensus,general_ev,1000000,0.05,0.1,15752,2979,999757.9053631618,-0.00024209463683818466,252.76379473356064,0,0
naive_consensus,general_ev,1000000,0.1,1.0,15752,7181,1003679.207157886,0.003679207157886005,19.59052631596569,0,0
naive_consensus,general_ev,1000000,0.1,0.1,15752,2979,999757.9053631618,-0.00024209463683818466,252.76379473356064,0,0
naive_consensus,home_run,1000,0.01,1.0,0,0,1000.0,0.0,0.0,0,0
naive_consensus,home_run,1000,0.01,0.1,0,0,1000.0,0.0,0.0,0,0
naive_consensus,home_run,1000,0.05,1.0,0,0,1000.0,0.0,0.0,0,0
naive_consensus,home_run,1000,0.05,0.1,0,0,1000.0,0.0,0.0,0,0
naive_consensus,home_run,1000,0.1,1.0,0,0,1000.0,0.0,0.0,0,0
naive_consensus,home_run,1000,0.1,0.1,0,0,1000.0,0.0,0.0,0,0
naive_consensus,home_run,10000,0.01,1.0,0,0,10000.0,0.0,0.0,0,0
naive_consensus,home_run,10000,0.01,0.1,0,0,10000.0,0.0,0.0,0,0
naive_consensus,home_run,10000,0.05,1.0,0,0,10000.0,0.0,0.0,0,0
naive_consensus,home_run,10000,0.05,0.1,0,0,10000.0,0.0,0.0,0,0
naive_consensus,home_run,10000,0.1,1.0,0,0,10000.0,0.0,0.0,0,0
naive_consensus,home_run,10000,0.1,0.1,0,0,10000.0,0.0,0.0,0,0
naive_consensus,home_run,100000,0.01,1.0,0,0,100000.0,0.0,0.0,0,0
naive_consensus,home_run,100000,0.01,0.1,0,0,100000.0,0.0,0.0,0,0
naive_consensus,home_run,100000,0.05,1.0,0,0,100000.0,0.0,0.0,0,0
naive_consensus,home_run,100000,0.05,0.1,0,0,100000.0,0.0,0.0,0,0
naive_consensus,home_run,100000,0.1,1.0,0,0,100000.0,0.0,0.0,0,0
naive_consensus,home_run,100000,0.1,0.1,0,0,100000.0,0.0,0.0,0,0
naive_consensus,home_run,1000000,0.01,1.0,0,0,1000000.0,0.0,0.0,0,0
naive_consensus,home_run,1000000,0.01,0.1,0,0,1000000.0,0.0,0.0,0,0
naive_consensus,home_run,1000000,0.05,1.0,0,0,1000000.0,0.0,0.0,0,0
naive_consensus,home_run,1000000,0.05,0.1,0,0,1000000.0,0.0,0.0,0,0
naive_consensus,home_run,1000000,0.1,1.0,0,0,1000000.0,0.0,0.0,0,0
naive_consensus,home_run,1000000,0.1,0.1,0,0,1000000.0,0.0,0.0,0,0
naive_consensus,top1pct_phat,1000,0.01,1.0,2571,1046,867.6949497480434,-0.13230505025195657,132.30505025195657,0,506
naive_consensus,top1pct_phat,1000,0.01,0.1,2571,680,808.1604226421172,-0.19183957735788282,191.83957735788283,0,268
naive_consensus,top1pct_phat,1000,0.05,1.0,2571,1020,1736.1131904375834,0.7361131904375834,3.7216315789476084,0,561
naive_consensus,top1pct_phat,1000,0.05,0.1,2571,661,955.7775100265277,-0.044222489973472306,59.39920401071163,0,299
naive_consensus,top1pct_phat,1000,0.1,1.0,2571,1020,2010.3420147543409,1.010342014754341,3.7216315789476084,0,561
naive_consensus,top1pct_phat,1000,0.1,0.1,2571,644,1029.9331917620887,0.029933191762088654,31.005921052631606,0,394
naive_consensus,top1pct_phat,10000,0.01,1.0,2571,1160,11098.412556537574,0.10984125565375744,3.7216315789482906,0,310
naive_consensus,top1pct_phat,10000,0.01,0.1,2571,796,10033.665751627224,0.003366575162722438,31.00592105263968,0,0
naive_consensus,top1pct_phat,10000,0.05,1.0,2571,1157,11099.626820072865,0.10996268200728646,3.7216315789482906,0,313
naive_consensus,top1pct_phat,10000,0.05,0.1,2571,796,10034.57704210521,0.003457704210520933,31.00592105263968,0,0
naive_consensus,top1pct_phat,10000,0.1,1.0,2571,1157,11099.626820072865,0.10996268200728646,3.7216315789482906,0,313
naive_consensus,top1pct_phat,10000,0.1,0.1,2571,796,10034.57704210521,0.003457704210520933,31.00592105263968,0,0
naive_consensus,top1pct_phat,100000,0.01,1.0,2571,1372,101327.7723684211,0.013277723684210941,3.7216315789555665,0,0
naive_consensus,top1pct_phat,100000,0.01,0.1,2571,796,100034.57704210439,0.0003457704210438533,31.00592105278338,0,0
naive_consensus,top1pct_phat,100000,0.05,1.0,2571,1372,101327.7723684211,0.013277723684210941,3.7216315789555665,0,0
naive_consensus,top1pct_phat,100000,0.05,0.1,2571,796,100034.57704210439,0.0003457704210438533,31.00592105278338,0,0
naive_consensus,top1pct_phat,100000,0.1,1.0,2571,1372,101327.7723684211,0.013277723684210941,3.7216315789555665,0,0
naive_consensus,top1pct_phat,100000,0.1,0.1,2571,796,100034.57704210439,0.0003457704210438533,31.00592105278338,0,0
naive_consensus,top1pct_phat,1000000,0.01,1.0,2571,1372,1001327.7723684205,0.0013277723684204975,3.7216315787518397,0,0
naive_consensus,top1pct_phat,1000000,0.01,0.1,2571,796,1000034.5770421074,3.457704210735392e-05,31.005921052535996,0,0
naive_consensus,top1pct_phat,1000000,0.05,1.0,2571,1372,1001327.7723684205,0.0013277723684204975,3.7216315787518397,0,0
naive_consensus,top1pct_phat,1000000,0.05,0.1,2571,796,1000034.5770421074,3.457704210735392e-05,31.005921052535996,0,0
naive_consensus,top1pct_phat,1000000,0.1,1.0,2571,1372,1001327.7723684205,0.0013277723684204975,3.7216315787518397,0,0
naive_consensus,top1pct_phat,1000000,0.1,0.1,2571,796,1000034.5770421074,3.457704210735392e-05,31.005921052535996,0,0
naive_consensus,top1pct_edge,1000,0.01,1.0,2571,1099,860.9573443354082,-0.13904265566459184,139.04265566459185,0,426
naive_consensus,top1pct_edge,1000,0.01,0.1,2571,724,790.0275735096624,-0.20997242649033762,209.97242649033763,0,219
naive_consensus,top1pct_edge,1000,0.05,1.0,2571,1069,1764.8001036727587,0.7648001036727587,3.7216315789476084,0,483
naive_consensus,top1pct_edge,1000,0.05,0.1,2571,687,950.8450710482724,-0.049154928951727586,63.25461209140121,0,305
naive_consensus,top1pct_edge,1000,0.1,1.0,2571,1069,2036.1031967050633,1.0361031967050633,3.7216315789476084,0,483
naive_consensus,top1pct_edge,1000,0.1,0.1,2571,688,1015.0311379202759,0.01503113792027591,33.019768421052845,0,305
naive_consensus,top1pct_edge,10000,0.01,1.0,2571,1219,11118.610141360927,0.11186101413609267,3.7216315789482906,0,221
naive_consensus,top1pct_edge,10000,0.01,0.1,2571,809,10020.72997435385,0.0020729974353849686,33.934600000009596,0,0
naive_consensus,top1pct_edge,10000,0.05,1.0,2571,1216,11120.954686980573,0.11209546869805727,3.7216315789482906,0,224
naive_consensus,top1pct_edge,10000,0.05,0.1,2571,809,10021.182726315743,0.002118272631574291,33.934600000011415,0,0
naive_consensus,top1pct_edge,10000,0.1,1.0,2571,1216,11120.954686980573,0.11209546869805727,3.7216315789482906,0,224
naive_consensus,top1pct_edge,10000,0.1,0.1,2571,809,10021.182726315743,0.002118272631574291,33.934600000011415,0,0
naive_consensus,top1pct_edge,100000,0.01,1.0,2571,1380,101295.3337894737,0.01295333789473705,3.7216315789555665,0,0
naive_consensus,top1pct_edge,100000,0.01,0.1,2571,809,100021.1827263149,0.00021182726314902537,33.9346000002115,0,0
naive_consensus,top1pct_edge,100000,0.05,1.0,2571,1380,101295.3337894737,0.01295333789473705,3.7216315789555665,0,0
naive_consensus,top1pct_edge,100000,0.05,0.1,2571,809,100021.1827263149,0.00021182726314902537,33.9346000002115,0,0
naive_consensus,top1pct_edge,100000,0.1,1.0,2571,1380,101295.3337894737,0.01295333789473705,3.7216315789555665,0,0
naive_consensus,top1pct_edge,100000,0.1,0.1,2571,809,100021.1827263149,0.00021182726314902537,33.9346000002115,0,0
naive_consensus,top1pct_edge,1000000,0.01,1.0,2571,1380,1001295.3337894725,0.0012953337894724682,3.7216315787518397,0,0
naive_consensus,top1pct_edge,1000000,0.01,0.1,2571,809,1000021.1827263176,2.1182726317550986e-05,33.934599999920465,0,0
naive_consensus,top1pct_edge,1000000,0.05,1.0,2571,1380,1001295.3337894725,0.0012953337894724682,3.7216315787518397,0,0
naive_consensus,top1pct_edge,1000000,0.05,0.1,2571,809,1000021.1827263176,2.1182726317550986e-05,33.934599999920465,0,0
naive_consensus,top1pct_edge,1000000,0.1,1.0,2571,1380,1001295.3337894725,0.0012953337894724682,3.7216315787518397,0,0
naive_consensus,top1pct_edge,1000000,0.1,0.1,2571,809,1000021.1827263176,2.1182726317550986e-05,33.934599999920465,0,0
naive_consensus,top5pct_edge,1000,0.01,1.0,12858,1809,688.7767435504728,-0.3112232564495272,311.2232564495274,0,8079
naive_consensus,top5pct_edge,1000,0.01,0.1,12858,1117,650.2644298099489,-0.34973557019005114,349.73557019005113,0,5847
naive_consensus,top5pct_edge,1000,0.05,1.0,12858,1763,2064.0236320201125,1.0640236320201124,19.57105263157939,0,9351
naive_consensus,top5pct_edge,1000,0.05,0.1,12858,1100,828.2634393701214,-0.17173656062987858,175.54365196425908,0,5662
naive_consensus,top5pct_edge,1000,0.1,1.0,12858,1767,2353.7197943723477,1.3537197943723476,19.57105263157939,0,9340
naive_consensus,top5pct_edge,1000,0.1,0.1,12858,1101,897.4251417981577,-0.10257485820184228,112.29300319885635,0,4533
naive_consensus,top5pct_edge,10000,0.01,1.0,12858,2289,11409.635117758915,0.1409635117758915,19.571052631579732,0,7869
naive_consensus,top5pct_edge,10000,0.01,0.1,12858,1821,9813.96546339197,-0.018603453660802915,196.22951189265223,0,1971
naive_consensus,top5pct_edge,10000,0.05,1.0,12858,2284,11411.805016048516,0.14118050160485163,19.571052631579732,0,7886
naive_consensus,top5pct_edge,10000,0.05,0.1,12858,1811,9820.920171478625,-0.017907982852137502,189.3363548371908,0,3311
naive_consensus,top5pct_edge,10000,0.1,1.0,12858,2284,11411.805016048516,0.14118050160485163,19.571052631579732,0,7886
naive_consensus,top5pct_edge,10000,0.1,0.1,12858,1811,9820.920171478625,-0.017907982852137502,189.3363548371908,0,3311
naive_consensus,top5pct_edge,100000,0.01,1.0,12858,4975,102690.87502225912,0.026908750222591187,19.57105263158155,0,1609
naive_consensus,top5pct_edge,100000,0.01,0.1,12858,2579,99800.57980526183,-0.0019942019473816615,209.67672105385282,0,0
naive_consensus,top5pct_edge,100000,0.05,1.0,12858,4975,102690.87502225912,0.026908750222591187,19.57105263158155,0,1609
naive_consensus,top5pct_edge,100000,0.05,0.1,12858,2579,99800.57980526183,-0.0019942019473816615,209.67672105385282,0,0
naive_consensus,top5pct_edge,100000,0.1,1.0,12858,4975,102690.87502225912,0.026908750222591187,19.57105263158155,0,1609
naive_consensus,top5pct_edge,100000,0.1,0.1,12858,2579,99800.57980526183,-0.0019942019473816615,209.67672105385282,0,0
naive_consensus,top5pct_edge,1000000,0.01,1.0,12858,5951,1003267.1623157813,0.0032671623157813448,19.57105263171252,0,0
naive_consensus,top5pct_edge,1000000,0.01,0.1,12858,2579,999800.5798052661,-0.0001994201947338879,209.67672105005477,0,0
naive_consensus,top5pct_edge,1000000,0.05,1.0,12858,5951,1003267.1623157813,0.0032671623157813448,19.57105263171252,0,0
naive_consensus,top5pct_edge,1000000,0.05,0.1,12858,2579,999800.5798052661,-0.0001994201947338879,209.67672105005477,0,0
naive_consensus,top5pct_edge,1000000,0.1,1.0,12858,5951,1003267.1623157813,0.0032671623157813448,19.57105263171252,0,0
naive_consensus,top5pct_edge,1000000,0.1,0.1,12858,2579,999800.5798052661,-0.0001994201947338879,209.67672105005477,0,0
naive_consensus,phat_gt_0.9,1000,0.01,1.0,32850,1838,663.3174876192714,-0.33668251238072855,336.682512380729,0,28699
naive_consensus,phat_gt_0.9,1000,0.01,0.1,32850,1154,665.2737174412523,-0.3347262825587477,334.7262825587478,0,26936
naive_consensus,phat_gt_0.9,1000,0.05,1.0,32850,1815,1974.4161696352562,0.9744161696352562,19.59052631578993,0,27396
naive_consensus,phat_gt_0.9,1000,0.05,0.1,32850,1068,876.1389316448897,-0.12386106835511032,126.33782284186475,0,21385
naive_consensus,phat_gt_0.9,1000,0.1,1.0,32850,1815,2381.6528883676524,1.3816528883676524,19.590526315790044,0,28385
naive_consensus,phat_gt_0.9,1000,0.1,0.1,32850,1071,947.5485414217967,-0.052451458578203304,79.31809909076458,0,24032
naive_consensus,phat_gt_0.9,10000,0.01,1.0,32850,2347,11660.467831090136,0.16604678310901363,19.590526315789248,0,25541
naive_consensus,phat_gt_0.9,10000,0.01,0.1,32850,2315,9873.733130627197,-0.012626686937280283,155.43512193008246,0,17659
naive_consensus,phat_gt_0.9,10000,0.05,1.0,32850,2344,11711.505936401538,0.17115059364015378,19.590526315789248,0,27277
naive_consensus,phat_gt_0.9,10000,0.05,0.1,32850,2302,9883.88717036511,-0.011611282963489065,155.3968386216311,0,20448
naive_consensus,phat_gt_0.9,10000,0.1,1.0,32850,2344,11711.505936401538,0.17115059364015378,19.590526315789248,0,27277
naive_consensus,phat_gt_0.9,10000,0.1,0.1,32850,2302,9883.88717036511,-0.011611282963489065,155.3968386216311,0,20448
naive_consensus,phat_gt_0.9,100000,0.01,1.0,32850,6512,103917.88136216775,0.03917881362167754,19.590526315791067,0,17976
naive_consensus,phat_gt_0.9,100000,0.01,0.1,32850,4987,100077.45913081238,0.0007745913081237813,285.275051655306,0,5480
naive_consensus,phat_gt_0.9,100000,0.05,1.0,32850,6512,103917.88136216775,0.03917881362167754,19.590526315791067,0,17976
naive_consensus,phat_gt_0.9,100000,0.05,0.1,32850,4987,100077.45913081238,0.0007745913081237813,285.275051655306,0,5480
naive_consensus,phat_gt_0.9,100000,0.1,1.0,32850,6512,103917.88136216775,0.03917881362167754,19.590526315791067,0,17976
naive_consensus,phat_gt_0.9,100000,0.1,0.1,32850,4987,100077.45913081238,0.0007745913081237813,285.275051655306,0,5480
naive_consensus,phat_gt_0.9,1000000,0.01,1.0,32850,14485,1009119.8935302685,0.009119893530268455,19.590526315849274,0,0
naive_consensus,phat_gt_0.9,1000000,0.01,0.1,32850,5841,1000018.3484678708,1.8348467870848253e-05,285.27505165268667,0,0
naive_consensus,phat_gt_0.9,1000000,0.05,1.0,32850,14485,1009119.8935302685,0.009119893530268455,19.590526315849274,0,0
naive_consensus,phat_gt_0.9,1000000,0.05,0.1,32850,5841,1000018.3484678708,1.8348467870848253e-05,285.27505165268667,0,0
naive_consensus,phat_gt_0.9,1000000,0.1,1.0,32850,14485,1009119.8935302685,0.009119893530268455,19.590526315849274,0,0
naive_consensus,phat_gt_0.9,1000000,0.1,0.1,32850,5841,1000018.3484678708,1.8348467870848253e-05,285.27505165268667,0,0
naive_consensus,phat_gt_0.95,1000,0.01,1.0,21603,1809,685.2754824867498,-0.31472451751325026,314.72451751325025,0,18095
naive_consensus,phat_gt_0.95,1000,0.01,0.1,21603,1103,657.8109761540003,-0.3421890238459997,342.1890238459998,0,16568
naive_consensus,phat_gt_0.95,1000,0.05,1.0,21603,1757,2064.1409710754174,1.0641409710754173,19.59052631578993,0,18195
naive_consensus,phat_gt_0.95,1000,0.05,0.1,21603,1076,840.8082818335622,-0.1591917181664378,163.5414887640526,0,17196
naive_consensus,phat_gt_0.95,1000,0.1,1.0,21603,1755,2359.580958648191,1.359580958648191,19.59052631578993,0,18197
naive_consensus,phat_gt_0.95,1000,0.1,0.1,21603,1077,909.897543390616,-0.09010245660938404,108.75200518827762,0,17195
naive_consensus,phat_gt_0.95,10000,0.01,1.0,21603,2163,11472.844250720236,0.14728442507202363,19.590526315789248,0,17296
naive_consensus,phat_gt_0.95,10000,0.01,0.1,21603,1980,9759.153421711126,-0.02408465782888743,251.42555991940935,0,10495
naive_consensus,phat_gt_0.95,10000,0.05,1.0,21603,2158,11475.22386794564,0.14752238679456406,19.590526315789248,0,17303
naive_consensus,phat_gt_0.95,10000,0.05,0.1,21603,1971,9766.003283862396,-0.02339967161376044,244.66587403236372,0,10523
naive_consensus,phat_gt_0.95,10000,0.1,1.0,21603,2158,11475.22386794564,0.14752238679456406,19.590526315789248,0,17303
naive_consensus,phat_gt_0.95,10000,0.1,0.1,21603,1971,9766.003283862396,-0.02339967161376044,244.66587403236372,0,10523
naive_consensus,phat_gt_0.95,100000,0.01,1.0,21603,5589,102659.21777101645,0.026592177710164543,19.590526315791067,0,8833
naive_consensus,phat_gt_0.95,100000,0.01,0.1,21603,3778,99663.4101947354,-0.0033658980526459345,347.25896315930004,0,0
naive_consensus,phat_gt_0.95,100000,0.05,1.0,21603,5589,102659.21777101645,0.026592177710164543,19.590526315791067,0,8833
naive_consensus,phat_gt_0.95,100000,0.05,0.1,21603,3778,99663.4101947354,-0.0033658980526459345,347.25896315930004,0,0
naive_consensus,phat_gt_0.95,100000,0.1,1.0,21603,5589,102659.21777101645,0.026592177710164543,19.590526315791067,0,8833
naive_consensus,phat_gt_0.95,100000,0.1,0.1,21603,3778,99663.4101947354,-0.0033658980526459345,347.25896315930004,0,0
naive_consensus,phat_gt_0.95,1000000,0.01,1.0,21603,9629,1004481.315526307,0.0044813155263069785,19.59052631596569,0,0
naive_consensus,phat_gt_0.95,1000000,0.01,0.1,21603,3778,999663.4101947406,-0.0003365898052593693,347.2589631548617,0,0
naive_consensus,phat_gt_0.95,1000000,0.05,1.0,21603,9629,1004481.315526307,0.0044813155263069785,19.59052631596569,0,0
naive_consensus,phat_gt_0.95,1000000,0.05,0.1,21603,3778,999663.4101947406,-0.0003365898052593693,347.2589631548617,0,0
naive_consensus,phat_gt_0.95,1000000,0.1,1.0,21603,9629,1004481.315526307,0.0044813155263069785,19.59052631596569,0,0
naive_consensus,phat_gt_0.95,1000000,0.1,0.1,21603,3778,999663.4101947406,-0.0003365898052593693,347.2589631548617,0,0
naive_consensus,phat_gt_0.99,1000,0.01,1.0,3936,1482,789.4924187791356,-0.21050758122086438,210.50758122086438,0,974
naive_consensus,phat_gt_0.99,1000,0.01,0.1,3936,946,718.3637060273023,-0.2816362939726977,281.6362939726977,0,553
naive_consensus,phat_gt_0.99,1000,0.05,1.0,3936,1446,2036.499178289822,1.036499178289822,4.585421052631318,0,1108
naive_consensus,phat_gt_0.99,1000,0.05,0.1,3936,913,907.4688344399025,-0.09253116556009752,97.57906176984022,0,536
naive_consensus,phat_gt_0.99,1000,0.1,1.0,3936,1450,2326.904801495255,1.326904801495255,4.585421052631318,0,1103
naive_consensus,phat_gt_0.99,1000,0.1,0.1,3936,898,984.1107016007493,-0.01588929839925072,47.80462712864687,0,757
naive_consensus,phat_gt_0.99,10000,0.01,1.0,3936,1688,11412.197837634927,0.1412197837634927,4.585421052637685,0,604
naive_consensus,phat_gt_0.99,10000,0.01,0.1,3936,1159,9976.811230807569,-0.002318876919243121,53.53305752984488,0,0
naive_consensus,phat_gt_0.99,10000,0.05,1.0,3936,1681,11415.429225484679,0.14154292254846787,4.585421052637685,0,612
naive_consensus,phat_gt_0.99,10000,0.05,0.1,3936,1159,9978.654263157838,-0.0021345736842162295,51.818010526374565,0,0
naive_consensus,phat_gt_0.99,10000,0.1,1.0,3936,1681,11415.429225484679,0.14154292254846787,4.585421052637685,0,612
naive_consensus,phat_gt_0.99,10000,0.1,0.1,3936,1159,9978.654263157838,-0.0021345736842162295,51.818010526374565,0,0
naive_consensus,phat_gt_0.99,100000,0.01,1.0,3936,2105,101760.23952631564,0.017602395263156358,4.585421052601305,0,0
naive_consensus,phat_gt_0.99,100000,0.01,0.1,3936,1159,99978.6542631567,-0.00021345736843300984,51.81801052711671,0,0
naive_consensus,phat_gt_0.99,100000,0.05,1.0,3936,2105,101760.23952631564,0.017602395263156358,4.585421052601305,0,0
naive_consensus,phat_gt_0.99,100000,0.05,0.1,3936,1159,99978.6542631567,-0.00021345736843300984,51.81801052711671,0,0
naive_consensus,phat_gt_0.99,100000,0.1,1.0,3936,2105,101760.23952631564,0.017602395263156358,4.585421052601305,0,0
naive_consensus,phat_gt_0.99,100000,0.1,0.1,3936,1159,99978.6542631567,-0.00021345736843300984,51.81801052711671,0,0
naive_consensus,phat_gt_0.99,1000000,0.01,1.0,3936,2105,1001760.2395263151,0.0017602395263151265,4.585421052644961,0,0
naive_consensus,phat_gt_0.99,1000000,0.01,0.1,3936,1159,999978.6542631603,-2.134573683969211e-05,51.81801052414812,0,0
naive_consensus,phat_gt_0.99,1000000,0.05,1.0,3936,2105,1001760.2395263151,0.0017602395263151265,4.585421052644961,0,0
naive_consensus,phat_gt_0.99,1000000,0.05,0.1,3936,1159,999978.6542631603,-2.134573683969211e-05,51.81801052414812,0,0
naive_consensus,phat_gt_0.99,1000000,0.1,1.0,3936,2105,1001760.2395263151,0.0017602395263151265,4.585421052644961,0,0
naive_consensus,phat_gt_0.99,1000000,0.1,0.1,3936,1159,999978.6542631603,-2.134573683969211e-05,51.81801052414812,0,0
naive_consensus,general_ev_cheap,1000,0.01,1.0,0,0,1000.0,0.0,0.0,0,0
naive_consensus,general_ev_cheap,1000,0.01,0.1,0,0,1000.0,0.0,0.0,0,0
naive_consensus,general_ev_cheap,1000,0.05,1.0,0,0,1000.0,0.0,0.0,0,0
naive_consensus,general_ev_cheap,1000,0.05,0.1,0,0,1000.0,0.0,0.0,0,0
naive_consensus,general_ev_cheap,1000,0.1,1.0,0,0,1000.0,0.0,0.0,0,0
naive_consensus,general_ev_cheap,1000,0.1,0.1,0,0,1000.0,0.0,0.0,0,0
naive_consensus,general_ev_cheap,10000,0.01,1.0,0,0,10000.0,0.0,0.0,0,0
naive_consensus,general_ev_cheap,10000,0.01,0.1,0,0,10000.0,0.0,0.0,0,0
naive_consensus,general_ev_cheap,10000,0.05,1.0,0,0,10000.0,0.0,0.0,0,0
naive_consensus,general_ev_cheap,10000,0.05,0.1,0,0,10000.0,0.0,0.0,0,0
naive_consensus,general_ev_cheap,10000,0.1,1.0,0,0,10000.0,0.0,0.0,0,0
naive_consensus,general_ev_cheap,10000,0.1,0.1,0,0,10000.0,0.0,0.0,0,0
naive_consensus,general_ev_cheap,100000,0.01,1.0,0,0,100000.0,0.0,0.0,0,0
naive_consensus,general_ev_cheap,100000,0.01,0.1,0,0,100000.0,0.0,0.0,0,0
naive_consensus,general_ev_cheap,100000,0.05,1.0,0,0,100000.0,0.0,0.0,0,0
naive_consensus,general_ev_cheap,100000,0.05,0.1,0,0,100000.0,0.0,0.0,0,0
naive_consensus,general_ev_cheap,100000,0.1,1.0,0,0,100000.0,0.0,0.0,0,0
naive_consensus,general_ev_cheap,100000,0.1,0.1,0,0,100000.0,0.0,0.0,0,0
naive_consensus,general_ev_cheap,1000000,0.01,1.0,0,0,1000000.0,0.0,0.0,0,0
naive_consensus,general_ev_cheap,1000000,0.01,0.1,0,0,1000000.0,0.0,0.0,0,0
naive_consensus,general_ev_cheap,1000000,0.05,1.0,0,0,1000000.0,0.0,0.0,0,0
naive_consensus,general_ev_cheap,1000000,0.05,0.1,0,0,1000000.0,0.0,0.0,0,0
naive_consensus,general_ev_cheap,1000000,0.1,1.0,0,0,1000000.0,0.0,0.0,0,0
naive_consensus,general_ev_cheap,1000000,0.1,0.1,0,0,1000000.0,0.0,0.0,0,0
naive_consensus,general_ev_late,1000,0.01,1.0,1454,463,943.5921532547204,-0.056407846745279586,56.40784674527981,0,632
naive_consensus,general_ev_late,1000,0.01,0.1,1454,282,923.7483172512722,-0.07625168274872783,76.25168274872783,0,516
naive_consensus,general_ev_late,1000,0.05,1.0,1454,448,1232.7866054551337,0.23278660545513366,4.567157894736738,0,653
naive_consensus,general_ev_late,1000,0.05,0.1,1454,261,972.9733465017416,-0.027026653498258384,33.958171997602676,0,625
naive_consensus,general_ev_late,1000,0.1,1.0,1454,445,1406.1012621052676,0.40610126210526754,4.567157894736511,0,659
naive_consensus,general_ev_late,1000,0.1,0.1,1454,260,979.9060967811615,-0.02009390321883848,33.65947368421189,0,627
naive_consensus,general_ev_late,10000,0.01,1.0,1454,526,10444.850880667773,0.04448508806677728,4.567157894734919,0,529
naive_consensus,general_ev_late,10000,0.01,0.1,1454,393,9992.462598736798,-0.00075374012632019,33.65947368421439,0,39
naive_consensus,general_ev_late,10000,0.05,1.0,1454,520,10448.328789473677,0.044832878947367684,4.567157894734919,0,536
naive_consensus,general_ev_late,10000,0.05,0.1,1454,393,9992.343036842092,-0.0007656963157907739,33.65947368421439,0,39
naive_consensus,general_ev_late,10000,0.1,1.0,1454,520,10448.328789473677,0.044832878947367684,4.567157894734919,0,536
naive_consensus,general_ev_late,10000,0.1,0.1,1454,393,9992.343036842092,-0.0007656963157907739,33.65947368421439,0,39
naive_consensus,general_ev_late,100000,0.01,1.0,1454,868,100622.48305263117,0.0062248305263117075,4.567157894722186,0,0
naive_consensus,general_ev_late,100000,0.01,0.1,1454,402,99992.44157368387,-7.558426316129043e-05,33.65947368439811,0,0
naive_consensus,general_ev_late,100000,0.05,1.0,1454,868,100622.48305263117,0.0062248305263117075,4.567157894722186,0,0
naive_consensus,general_ev_late,100000,0.05,0.1,1454,402,99992.44157368387,-7.558426316129043e-05,33.65947368439811,0,0
naive_consensus,general_ev_late,100000,0.1,1.0,1454,868,100622.48305263117,0.0062248305263117075,4.567157894722186,0,0
naive_consensus,general_ev_late,100000,0.1,0.1,1454,402,99992.44157368387,-7.558426316129043e-05,33.65947368439811,0,0
naive_consensus,general_ev_late,1000000,0.01,1.0,1454,868,1000622.4830526293,0.0006224830526292789,4.567157894838601,0,0
naive_consensus,general_ev_late,1000000,0.01,0.1,1454,402,999992.4415736849,-7.558426315081306e-06,33.659473683917895,0,0
naive_consensus,general_ev_late,1000000,0.05,1.0,1454,868,1000622.4830526293,0.0006224830526292789,4.567157894838601,0,0
naive_consensus,general_ev_late,1000000,0.05,0.1,1454,402,999992.4415736849,-7.558426315081306e-06,33.659473683917895,0,0
naive_consensus,general_ev_late,1000000,0.1,1.0,1454,868,1000622.4830526293,0.0006224830526292789,4.567157894838601,0,0
naive_consensus,general_ev_late,1000000,0.1,0.1,1454,402,999992.4415736849,-7.558426315081306e-06,33.659473683917895,0,0
